{
  "experiment": "phase2_gate",
  "n_with_metrics": 74,
  "cd_median": 0.00014372029969551348,
  "cd_mean": 0.0013420104619630002,
  "f1_median": 0.9962999372588228,
  "f1_mean": 0.9715389714025275,
  "iou_median": 0.9906038987592536,
  "iou_mean": 0.8777905667560075,
  "gate_passed": true,
  "per_tier": {
    "T1": {
      "n": 49,
      "cd_median": 0.00014460696274861534,
      "cd_mean": 0.0019216370668949038,
      "f1_median": 0.9957486718553854,
      "iou_median": 0.994431185361973
    },
    "T2": {
      "n": 25,
      "cd_median": 0.0001337896092234849,
      "cd_mean": 0.00020594231629646935,
      "f1_median": 0.9974498771868264,
      "iou_median": 0.9863107460643394
    }
  }
}